<ImportExportXml version="9.2.24072.182" SolutionPackageVersion="9.2" languagecode="1033" generatedBy="CrmLive" xmlns:xsi="http://www.w3.org/2001/XMLSchema-instance">
  <SolutionManifest>
    <UniqueName>iFreeflowV1</UniqueName>
    <LocalizedNames>
      <LocalizedName description="iFreeflowV2" languagecode="1033" />
    </LocalizedNames>
    <Descriptions>
      <Description description="Upgrade of iFreeflowV1" languagecode="1033" />
    </Descriptions>
    <Version>2.1.0.1</Version>
    <Managed>1</Managed>
    <Publisher>
      <UniqueName>DefaultPublisherorg9fd91063</UniqueName>
      <LocalizedNames>
        <LocalizedName description="Default Publisher for org9fd91063" languagecode="1033" />
      </LocalizedNames>
      <Descriptions>
        <Description description="Default publisher for this organization" languagecode="1033" />
      </Descriptions>
      <EMailAddress xsi:nil="true"></EMailAddress>
      <SupportingWebsiteUrl xsi:nil="true"></SupportingWebsiteUrl>
      <CustomizationPrefix>new</CustomizationPrefix>
      <CustomizationOptionValuePrefix>10000</CustomizationOptionValuePrefix>
      <Addresses>
        <Address>
          <AddressNumber>1</AddressNumber>
          <AddressTypeCode xsi:nil="true"></AddressTypeCode>
          <City xsi:nil="true"></City>
          <County xsi:nil="true"></County>
          <Country xsi:nil="true"></Country>
          <Fax xsi:nil="true"></Fax>
          <FreightTermsCode xsi:nil="true"></FreightTermsCode>
          <ImportSequenceNumber xsi:nil="true"></ImportSequenceNumber>
          <Latitude xsi:nil="true"></Latitude>
          <Line1 xsi:nil="true"></Line1>
          <Line2 xsi:nil="true"></Line2>
          <Line3 xsi:nil="true"></Line3>
          <Longitude xsi:nil="true"></Longitude>
          <Name xsi:nil="true"></Name>
          <PostalCode xsi:nil="true"></PostalCode>
          <PostOfficeBox xsi:nil="true"></PostOfficeBox>
          <PrimaryContactName xsi:nil="true"></PrimaryContactName>
          <ShippingMethodCode xsi:nil="true"></ShippingMethodCode>
          <StateOrProvince xsi:nil="true"></StateOrProvince>
          <Telephone1 xsi:nil="true"></Telephone1>
          <Telephone2 xsi:nil="true"></Telephone2>
          <Telephone3 xsi:nil="true"></Telephone3>
          <TimeZoneRuleVersionNumber xsi:nil="true"></TimeZoneRuleVersionNumber>
          <UPSZone xsi:nil="true"></UPSZone>
          <UTCOffset xsi:nil="true"></UTCOffset>
          <UTCConversionTimeZoneCode xsi:nil="true"></UTCConversionTimeZoneCode>
        </Address>
        <Address>
          <AddressNumber>2</AddressNumber>
          <AddressTypeCode xsi:nil="true"></AddressTypeCode>
          <City xsi:nil="true"></City>
          <County xsi:nil="true"></County>
          <Country xsi:nil="true"></Country>
          <Fax xsi:nil="true"></Fax>
          <FreightTermsCode xsi:nil="true"></FreightTermsCode>
          <ImportSequenceNumber xsi:nil="true"></ImportSequenceNumber>
          <Latitude xsi:nil="true"></Latitude>
          <Line1 xsi:nil="true"></Line1>
          <Line2 xsi:nil="true"></Line2>
          <Line3 xsi:nil="true"></Line3>
          <Longitude xsi:nil="true"></Longitude>
          <Name xsi:nil="true"></Name>
          <PostalCode xsi:nil="true"></PostalCode>
          <PostOfficeBox xsi:nil="true"></PostOfficeBox>
          <PrimaryContactName xsi:nil="true"></PrimaryContactName>
          <ShippingMethodCode xsi:nil="true"></ShippingMethodCode>
          <StateOrProvince xsi:nil="true"></StateOrProvince>
          <Telephone1 xsi:nil="true"></Telephone1>
          <Telephone2 xsi:nil="true"></Telephone2>
          <Telephone3 xsi:nil="true"></Telephone3>
          <TimeZoneRuleVersionNumber xsi:nil="true"></TimeZoneRuleVersionNumber>
          <UPSZone xsi:nil="true"></UPSZone>
          <UTCOffset xsi:nil="true"></UTCOffset>
          <UTCConversionTimeZoneCode xsi:nil="true"></UTCConversionTimeZoneCode>
        </Address>
      </Addresses>
    </Publisher>
    <RootComponents>
      <RootComponent type="29" id="{08f564c4-f453-ef11-bfe2-6045bd582213}" behavior="0" />
      <RootComponent type="29" id="{09f564c4-f453-ef11-bfe2-6045bd582213}" behavior="0" />
      <RootComponent type="29" id="{0af564c4-f453-ef11-bfe2-6045bd582213}" behavior="0" />
      <RootComponent type="29" id="{1139933f-c999-ee11-be37-6045bd596360}" behavior="0" />
      <RootComponent type="29" id="{3942db90-ea53-ef11-bfe2-6045bd582213}" behavior="0" />
      <RootComponent type="29" id="{3dfe5c79-3e4f-ef11-a316-6045bd5a0abc}" behavior="0" />
      <RootComponent type="29" id="{4ed14a70-1750-ef11-a316-6045bd59b9ee}" behavior="0" />
      <RootComponent type="29" id="{55b295c0-ed53-ef11-bfe2-6045bd582213}" behavior="0" />
      <RootComponent type="29" id="{66a9f4a6-3f4f-ef11-a316-6045bd5a0abc}" behavior="0" />
      <RootComponent type="29" id="{99f464c4-f453-ef11-bfe2-6045bd582213}" behavior="0" />
      <RootComponent type="29" id="{9af464c4-f453-ef11-bfe2-6045bd582213}" behavior="0" />
      <RootComponent type="29" id="{9bf464c4-f453-ef11-bfe2-6045bd582213}" behavior="0" />
      <RootComponent type="29" id="{9cf464c4-f453-ef11-bfe2-6045bd582213}" behavior="0" />
      <RootComponent type="29" id="{d66385e7-f053-ef11-bfe2-6045bd582213}" behavior="0" />
      <RootComponent type="29" id="{dd599507-1650-ef11-a316-6045bd59b9ee}" behavior="0" />
    </RootComponents>
    <MissingDependencies />
  </SolutionManifest>
</ImportExportXml>