{
  "properties": {
    "connectionReferences": {
      "shared_excelonlinebusiness": {
        "runtimeSource": "invoker",
        "connection": {
          "connectionReferenceLogicalName": "new_sharedexcelonlinebusiness_a546d"
        },
        "api": {
          "name": "shared_excelonlinebusiness"
        }
      },
      "shared_onedriveforbusiness": {
        "runtimeSource": "invoker",
        "connection": {
          "connectionReferenceLogicalName": "new_sharedonedriveforbusiness_632ef"
        },
        "api": {
          "name": "shared_onedriveforbusiness"
        }
      }
    },
    "definition": {
      "$schema": "https://schema.management.azure.com/providers/Microsoft.Logic/schemas/2016-06-01/workflowdefinition.json#",
      "contentVersion": "1.0.0.0",
      "parameters": {
        "$connections": {
          "defaultValue": {},
          "type": "Object"
        },
        "$authentication": {
          "defaultValue": {},
          "type": "SecureObject"
        }
      },
      "triggers": {
        "manual": {
          "metadata": {
            "operationMetadataId": "553a2eb0-9f5d-410a-950c-b5de58fba42d"
          },
          "type": "Request",
          "kind": "Button",
          "inputs": {
            "schema": {
              "type": "object",
              "properties": {},
              "required": []
            }
          }
        }
      },
      "actions": {
        "列出表中存在的行": {
          "runAfter": {},
          "metadata": {
            "01SNIZLP43YA6W6VAHHRBLO3BYUJW4ER3Z": "/二维码/工作簿.xlsx",
            "operationMetadataId": "0e1d2865-b6cc-4541-b39f-443499d60f39"
          },
          "type": "OpenApiConnection",
          "inputs": {
            "host": {
              "apiId": "/providers/Microsoft.PowerApps/apis/shared_excelonlinebusiness",
              "connectionName": "shared_excelonlinebusiness",
              "operationId": "GetItems"
            },
            "parameters": {
              "source": "me",
              "drive": "b!C5EVQOBm3EqBkuSYrOokTaTHKVG8IQpIpZenqBe8pJ5d8ihxjwUASI1HmvVGjJ4o",
              "file": "01SNIZLP43YA6W6VAHHRBLO3BYUJW4ER3Z",
              "table": "{C3DBACBF-D78D-4BA2-A7D5-9793ABD0CBC0}"
            },
            "authentication": {
              "value": "@json(decodeBase64(triggerOutputs().headers['X-MS-APIM-Tokens']))['$ConnectionKey']",
              "type": "Raw"
            }
          }
        },
        "应用到每一个": {
          "foreach": "@outputs('列出表中存在的行')?['body/value']",
          "actions": {
            "从_URL_上传文件": {
              "runAfter": {},
              "metadata": {
                "operationMetadataId": "edbf7dbd-cd6d-4f03-9c03-27919e8afe5b"
              },
              "type": "OpenApiConnection",
              "inputs": {
                "host": {
                  "apiId": "/providers/Microsoft.PowerApps/apis/shared_onedriveforbusiness",
                  "connectionName": "shared_onedriveforbusiness",
                  "operationId": "CopyFile"
                },
                "parameters": {
                  "source": "http://ifreeflow.koreacentral.cloudapp.azure.com:8080/api/qrcode?text=@{items('应用到每一个')?['物料号码']}",
                  "destination": "/二维码/@{items('应用到每一个')?['物料名称']}.png",
                  "overwrite": true
                },
                "authentication": {
                  "value": "@json(decodeBase64(triggerOutputs().headers['X-MS-APIM-Tokens']))['$ConnectionKey']",
                  "type": "Raw"
                }
              }
            }
          },
          "runAfter": {
            "列出表中存在的行": [
              "Succeeded"
            ]
          },
          "metadata": {
            "operationMetadataId": "9d1d7748-7be8-463c-b14f-c825527dcd6a"
          },
          "type": "Foreach"
        }
      }
    },
    "templateName": null
  },
  "schemaVersion": "1.0.0.0"
}