{
  "properties": {
    "connectionReferences": {
      "shared_excelonlinebusiness": {
        "runtimeSource": "invoker",
        "connection": {
          "connectionReferenceLogicalName": "new_sharedexcelonlinebusiness_a546d"
        },
        "api": {
          "name": "shared_excelonlinebusiness"
        }
      },
      "shared_onedriveforbusiness": {
        "runtimeSource": "invoker",
        "connection": {
          "connectionReferenceLogicalName": "new_sharedonedriveforbusiness_632ef"
        },
        "api": {
          "name": "shared_onedriveforbusiness"
        }
      }
    },
    "definition": {
      "$schema": "https://schema.management.azure.com/providers/Microsoft.Logic/schemas/2016-06-01/workflowdefinition.json#",
      "contentVersion": "1.0.0.0",
      "parameters": {
        "$connections": {
          "defaultValue": {},
          "type": "Object"
        },
        "$authentication": {
          "defaultValue": {},
          "type": "SecureObject"
        }
      },
      "triggers": {
        "manual": {
          "metadata": {
            "operationMetadataId": "bb12551d-02ec-4afd-91d7-a164f6ac2b02"
          },
          "type": "Request",
          "kind": "Button",
          "inputs": {
            "schema": {
              "type": "object",
              "properties": {},
              "required": []
            }
          }
        }
      },
      "actions": {
        "列出表中存在的行": {
          "runAfter": {},
          "metadata": {
            "01SNIZLP43YA6W6VAHHRBLO3BYUJW4ER3Z": "/二维码/工作簿.xlsx",
            "operationMetadataId": "7552334d-3a96-43a0-8613-584d89475508"
          },
          "type": "OpenApiConnection",
          "inputs": {
            "host": {
              "apiId": "/providers/Microsoft.PowerApps/apis/shared_excelonlinebusiness",
              "connectionName": "shared_excelonlinebusiness",
              "operationId": "GetItems"
            },
            "parameters": {
              "source": "me",
              "drive": "b!C5EVQOBm3EqBkuSYrOokTaTHKVG8IQpIpZenqBe8pJ5d8ihxjwUASI1HmvVGjJ4o",
              "file": "01SNIZLP43YA6W6VAHHRBLO3BYUJW4ER3Z",
              "table": "{C3DBACBF-D78D-4BA2-A7D5-9793ABD0CBC0}"
            },
            "authentication": {
              "value": "@json(decodeBase64(triggerOutputs().headers['X-MS-APIM-Tokens']))['$ConnectionKey']",
              "type": "Raw"
            }
          }
        },
        "应用到每一个": {
          "foreach": "@outputs('列出表中存在的行')?['body/value']",
          "actions": {
            "从_URL_上传文件": {
              "runAfter": {},
              "metadata": {
                "operationMetadataId": "2474c9b1-77e9-4945-bbc9-6920fa73b89b"
              },
              "type": "OpenApiConnection",
              "inputs": {
                "host": {
                  "apiId": "/providers/Microsoft.PowerApps/apis/shared_onedriveforbusiness",
                  "connectionName": "shared_onedriveforbusiness",
                  "operationId": "CopyFile"
                },
                "parameters": {
                  "source": "http://ifreeflow.koreacentral.cloudapp.azure.com:8080/api/qrcode?text=@{items('应用到每一个')?['物料号码']}",
                  "destination": "/二维码/@{items('应用到每一个')?['物料名称']}-@{items('应用到每一个')?['库位']}.png",
                  "overwrite": true
                },
                "authentication": {
                  "value": "@json(decodeBase64(triggerOutputs().headers['X-MS-APIM-Tokens']))['$ConnectionKey']",
                  "type": "Raw"
                }
              }
            }
          },
          "runAfter": {
            "列出表中存在的行": [
              "Succeeded"
            ]
          },
          "metadata": {
            "operationMetadataId": "7b8bc10d-166c-43a3-ae59-d4977a546287"
          },
          "type": "Foreach"
        }
      }
    },
    "templateName": null
  },
  "schemaVersion": "1.0.0.0"
}