{
  "properties": {
    "connectionReferences": {
      "shared_excelonlinebusiness": {
        "runtimeSource": "invoker",
        "connection": {
          "connectionReferenceLogicalName": "new_sharedexcelonlinebusiness_4df3d"
        },
        "api": {
          "name": "shared_excelonlinebusiness"
        }
      },
      "shared_onedriveforbusiness": {
        "runtimeSource": "invoker",
        "connection": {
          "connectionReferenceLogicalName": "cr75b_sharedonedriveforbusiness_ee792"
        },
        "api": {
          "name": "shared_onedriveforbusiness"
        }
      }
    },
    "definition": {
      "$schema": "https://schema.management.azure.com/providers/Microsoft.Logic/schemas/2016-06-01/workflowdefinition.json#",
      "contentVersion": "1.0.0.0",
      "parameters": {
        "$connections": {
          "defaultValue": {},
          "type": "Object"
        },
        "$authentication": {
          "defaultValue": {},
          "type": "SecureObject"
        }
      },
      "triggers": {
        "manual": {
          "metadata": {
            "operationMetadataId": "1e4ba2c5-da92-4289-964b-22902695d9df"
          },
          "type": "Request",
          "kind": "Button",
          "inputs": {
            "schema": {
              "type": "object",
              "properties": {},
              "required": []
            }
          }
        }
      },
      "actions": {
        "列出表中存在的行": {
          "runAfter": {},
          "metadata": {
            "01SNIZLP43YA6W6VAHHRBLO3BYUJW4ER3Z": "/二维码/工作簿.xlsx",
            "operationMetadataId": "24b36204-6bed-4c5c-ac6b-0f92b6921859",
            "tableId": "{C3DBACBF-D78D-4BA2-A7D5-9793ABD0CBC0}"
          },
          "type": "OpenApiConnection",
          "inputs": {
            "host": {
              "connectionName": "shared_excelonlinebusiness",
              "operationId": "GetItems",
              "apiId": "/providers/Microsoft.PowerApps/apis/shared_excelonlinebusiness"
            },
            "parameters": {
              "source": "me",
              "drive": "b!C5EVQOBm3EqBkuSYrOokTaTHKVG8IQpIpZenqBe8pJ5d8ihxjwUASI1HmvVGjJ4o",
              "file": "01SNIZLP43YA6W6VAHHRBLO3BYUJW4ER3Z",
              "table": "{C3DBACBF-D78D-4BA2-A7D5-9793ABD0CBC0}"
            },
            "authentication": {
              "type": "Raw",
              "value": "@json(decodeBase64(triggerOutputs().headers['X-MS-APIM-Tokens']))['$ConnectionKey']"
            }
          }
        },
        "应用到每一个": {
          "foreach": "@outputs('列出表中存在的行')?['body/value']",
          "actions": {
            "name": {
              "runAfter": {},
              "metadata": {
                "operationMetadataId": "f5e0129c-dcb3-4395-acd4-67e914b0aa46"
              },
              "type": "Compose",
              "inputs": "@items('应用到每一个')?['物料名称']"
            },
            "更新行": {
              "runAfter": {
                "outjson": [
                  "Succeeded"
                ]
              },
              "metadata": {
                "01SNIZLP43YA6W6VAHHRBLO3BYUJW4ER3Z": "/二维码/工作簿.xlsx",
                "operationMetadataId": "f8fbeeb0-f9b6-4145-9276-46cf0d9db5d3",
                "tableId": "{C3DBACBF-D78D-4BA2-A7D5-9793ABD0CBC0}"
              },
              "type": "OpenApiConnection",
              "inputs": {
                "host": {
                  "connectionName": "shared_excelonlinebusiness",
                  "operationId": "PatchItem",
                  "apiId": "/providers/Microsoft.PowerApps/apis/shared_excelonlinebusiness"
                },
                "parameters": {
                  "source": "me",
                  "drive": "b!C5EVQOBm3EqBkuSYrOokTaTHKVG8IQpIpZenqBe8pJ5d8ihxjwUASI1HmvVGjJ4o",
                  "file": "01SNIZLP43YA6W6VAHHRBLO3BYUJW4ER3Z",
                  "table": "{C3DBACBF-D78D-4BA2-A7D5-9793ABD0CBC0}",
                  "idColumn": "物料号码",
                  "id": "@items('应用到每一个')?['物料号码']",
                  "item/name": "@outputs('outjson')?['translation']"
                },
                "authentication": {
                  "type": "Raw",
                  "value": "@json(decodeBase64(triggerOutputs().headers['X-MS-APIM-Tokens']))['$ConnectionKey']"
                }
              }
            },
            "从_URL_上传文件": {
              "runAfter": {
                "name": [
                  "Succeeded"
                ]
              },
              "metadata": {
                "operationMetadataId": "2878745f-5d82-4ae6-a12e-752d6beb8470"
              },
              "type": "OpenApiConnection",
              "inputs": {
                "host": {
                  "connectionName": "shared_onedriveforbusiness",
                  "operationId": "CopyFile",
                  "apiId": "/providers/Microsoft.PowerApps/apis/shared_onedriveforbusiness"
                },
                "parameters": {
                  "source": "http://20.39.200.13:8080//api/translate?target_lang=en&text=@{outputs('name')}",
                  "destination": "/temp.json",
                  "overwrite": true
                },
                "authentication": {
                  "type": "Raw",
                  "value": "@json(decodeBase64(triggerOutputs().headers['X-MS-APIM-Tokens']))['$ConnectionKey']"
                }
              }
            },
            "获取文件内容": {
              "runAfter": {
                "从_URL_上传文件": [
                  "Succeeded"
                ]
              },
              "metadata": {
                "operationMetadataId": "51600938-761f-4280-8ff6-7132df81a860"
              },
              "type": "OpenApiConnection",
              "inputs": {
                "host": {
                  "connectionName": "shared_onedriveforbusiness",
                  "operationId": "GetFileContent",
                  "apiId": "/providers/Microsoft.PowerApps/apis/shared_onedriveforbusiness"
                },
                "parameters": {
                  "id": "@outputs('从_URL_上传文件')?['body/Id']",
                  "inferContentType": true
                },
                "authentication": {
                  "type": "Raw",
                  "value": "@json(decodeBase64(triggerOutputs().headers['X-MS-APIM-Tokens']))['$ConnectionKey']"
                }
              }
            },
            "outjson": {
              "runAfter": {
                "获取文件内容": [
                  "Succeeded"
                ]
              },
              "metadata": {
                "operationMetadataId": "88a2d38f-91cb-4ed6-ae60-b819379e6c4a"
              },
              "type": "Compose",
              "inputs": "@json(string(outputs('获取文件内容')?['body']))"
            },
            "删除文件": {
              "runAfter": {
                "获取文件内容": [
                  "Succeeded"
                ]
              },
              "metadata": {
                "operationMetadataId": "f2bb7272-3e56-49fe-be5f-802b570362af"
              },
              "type": "OpenApiConnection",
              "inputs": {
                "host": {
                  "connectionName": "shared_onedriveforbusiness",
                  "operationId": "DeleteFile",
                  "apiId": "/providers/Microsoft.PowerApps/apis/shared_onedriveforbusiness"
                },
                "parameters": {
                  "id": "@outputs('从_URL_上传文件')?['body/Id']"
                },
                "authentication": {
                  "type": "Raw",
                  "value": "@json(decodeBase64(triggerOutputs().headers['X-MS-APIM-Tokens']))['$ConnectionKey']"
                }
              }
            }
          },
          "runAfter": {
            "列出表中存在的行": [
              "Succeeded"
            ]
          },
          "metadata": {
            "operationMetadataId": "a1fb2de7-1ee4-44f3-a8bf-c340e95860d6"
          },
          "type": "Foreach"
        }
      }
    },
    "templateName": ""
  },
  "schemaVersion": "1.0.0.0"
}