{
  "properties": {
    "connectionReferences": {
      "shared_excelonlinebusiness": {
        "runtimeSource": "embedded",
        "connection": {
          "connectionReferenceLogicalName": "new_sharedexcelonlinebusiness_a546d"
        },
        "api": {
          "name": "shared_excelonlinebusiness"
        }
      },
      "shared_onedriveforbusiness": {
        "runtimeSource": "embedded",
        "connection": {
          "connectionReferenceLogicalName": "new_sharedonedriveforbusiness_632ef"
        },
        "api": {
          "name": "shared_onedriveforbusiness"
        }
      }
    },
    "definition": {
      "$schema": "https://schema.management.azure.com/providers/Microsoft.Logic/schemas/2016-06-01/workflowdefinition.json#",
      "contentVersion": "1.0.0.0",
      "parameters": {
        "$connections": {
          "defaultValue": {},
          "type": "Object"
        },
        "$authentication": {
          "defaultValue": {},
          "type": "SecureObject"
        }
      },
      "triggers": {
        "Recurrence": {
          "recurrence": {
            "frequency": "Month",
            "interval": 1,
            "startTime": "2024-07-31T02:00:00Z"
          },
          "metadata": {
            "operationMetadataId": "e4a29ad0-5430-4dc8-b6fc-a86bc1cff28f"
          },
          "type": "Recurrence"
        }
      },
      "actions": {
        "列出表中存在的行": {
          "runAfter": {},
          "metadata": {
            "01SNIZLP43YA6W6VAHHRBLO3BYUJW4ER3Z": "/二维码/工作簿.xlsx",
            "operationMetadataId": "b63045f1-79dc-4955-b6bd-6daadf74edb6"
          },
          "type": "OpenApiConnection",
          "inputs": {
            "host": {
              "apiId": "/providers/Microsoft.PowerApps/apis/shared_excelonlinebusiness",
              "connectionName": "shared_excelonlinebusiness",
              "operationId": "GetItems"
            },
            "parameters": {
              "source": "me",
              "drive": "b!C5EVQOBm3EqBkuSYrOokTaTHKVG8IQpIpZenqBe8pJ5d8ihxjwUASI1HmvVGjJ4o",
              "file": "01SNIZLP43YA6W6VAHHRBLO3BYUJW4ER3Z",
              "table": "{C3DBACBF-D78D-4BA2-A7D5-9793ABD0CBC0}"
            },
            "authentication": "@parameters('$authentication')"
          }
        },
        "选择": {
          "runAfter": {
            "列出表中存在的行": [
              "Succeeded"
            ]
          },
          "metadata": {
            "operationMetadataId": "0b303749-d8ba-4e39-a0b8-1303198ca916"
          },
          "type": "Select",
          "inputs": {
            "from": "@outputs('列出表中存在的行')?['body/value']",
            "select": "@item()?['qty']"
          }
        },
        "rawdata": {
          "runAfter": {
            "选择": [
              "Succeeded"
            ]
          },
          "metadata": {
            "operationMetadataId": "83727f7a-d759-4029-9276-95ce389520cd"
          },
          "type": "Compose",
          "inputs": "@join(body('选择'),',')"
        },
        "从_URL_上传文件": {
          "runAfter": {
            "rawdata": [
              "Succeeded"
            ]
          },
          "metadata": {
            "operationMetadataId": "a5027fc0-bf92-4627-8b7f-efcf09f5152e"
          },
          "type": "OpenApiConnection",
          "inputs": {
            "host": {
              "apiId": "/providers/Microsoft.PowerApps/apis/shared_onedriveforbusiness",
              "connectionName": "shared_onedriveforbusiness",
              "operationId": "CopyFile"
            },
            "parameters": {
              "source": "http://ifreeflow.koreacentral.cloudapp.azure.com:8080/api/sum_and_average?numbers=@{outputs('rawdata')}",
              "destination": "/temp-@{utcNow()}.json",
              "overwrite": false
            },
            "authentication": "@parameters('$authentication')"
          }
        },
        "获取文件内容": {
          "runAfter": {
            "从_URL_上传文件": [
              "Succeeded"
            ]
          },
          "metadata": {
            "operationMetadataId": "09e97c51-6b5c-4b1d-8fe7-019f625392d4"
          },
          "type": "OpenApiConnection",
          "inputs": {
            "host": {
              "apiId": "/providers/Microsoft.PowerApps/apis/shared_onedriveforbusiness",
              "connectionName": "shared_onedriveforbusiness",
              "operationId": "GetFileContent"
            },
            "parameters": {
              "id": "@outputs('从_URL_上传文件')?['body/Id']",
              "inferContentType": true
            },
            "authentication": "@parameters('$authentication')"
          }
        },
        "outjson": {
          "runAfter": {
            "获取文件内容": [
              "Succeeded"
            ]
          },
          "metadata": {
            "operationMetadataId": "42b3e2a3-5935-48dc-9a6b-206fa9b66d0a"
          },
          "type": "Compose",
          "inputs": "@json(string(outputs('获取文件内容')?['body']))"
        },
        "编辑": {
          "runAfter": {
            "outjson": [
              "Succeeded"
            ]
          },
          "metadata": {
            "operationMetadataId": "715d2d56-4605-4af9-8510-4596749ab215"
          },
          "type": "Compose",
          "inputs": "@outputs('outjson')?['sum']"
        },
        "删除文件": {
          "runAfter": {
            "outjson": [
              "Succeeded"
            ]
          },
          "metadata": {
            "operationMetadataId": "ea427b18-b11e-49af-b841-4c2b7312a609"
          },
          "type": "OpenApiConnection",
          "inputs": {
            "host": {
              "apiId": "/providers/Microsoft.PowerApps/apis/shared_onedriveforbusiness",
              "connectionName": "shared_onedriveforbusiness",
              "operationId": "DeleteFile"
            },
            "parameters": {
              "id": "@outputs('从_URL_上传文件')?['body/Id']"
            },
            "authentication": "@parameters('$authentication')"
          }
        }
      }
    },
    "templateName": null
  },
  "schemaVersion": "1.0.0.0"
}