{
  "properties": {
    "connectionReferences": {
      "shared_onedriveforbusiness": {
        "runtimeSource": "embedded",
        "connection": {
          "connectionReferenceLogicalName": "new_sharedonedriveforbusiness_632ef"
        },
        "api": {
          "name": "shared_onedriveforbusiness"
        }
      }
    },
    "definition": {
      "$schema": "https://schema.management.azure.com/providers/Microsoft.Logic/schemas/2016-06-01/workflowdefinition.json#",
      "contentVersion": "1.0.0.0",
      "parameters": {
        "$connections": {
          "defaultValue": {},
          "type": "Object"
        },
        "$authentication": {
          "defaultValue": {},
          "type": "SecureObject"
        }
      },
      "triggers": {
        "重复周期": {
          "recurrence": {
            "frequency": "Day",
            "interval": 1
          },
          "metadata": {
            "operationMetadataId": "c739a05c-6610-4401-abf2-3ce6385fdbd3"
          },
          "type": "Recurrence"
        }
      },
      "actions": {
        "转换时区": {
          "runAfter": {},
          "metadata": {
            "operationMetadataId": "d4f22b11-acf1-4c44-8d48-17eaee75d0af"
          },
          "type": "Expression",
          "kind": "ConvertTimeZone",
          "inputs": {
            "baseTime": "@{utcNow()}",
            "formatString": "yyyy-MM-dd",
            "sourceTimeZone": "UTC",
            "destinationTimeZone": "China Standard Time"
          }
        },
        "从_URL_上传文件": {
          "runAfter": {
            "转换时区": [
              "Succeeded"
            ]
          },
          "metadata": {
            "operationMetadataId": "678613a0-91ea-4125-a837-8750e004138b"
          },
          "type": "OpenApiConnection",
          "inputs": {
            "host": {
              "apiId": "/providers/Microsoft.PowerApps/apis/shared_onedriveforbusiness",
              "connectionName": "shared_onedriveforbusiness",
              "operationId": "CopyFile"
            },
            "parameters": {
              "source": "http://ifreeflow.koreacentral.cloudapp.azure.com:8080/api/holiday?date=@{body('转换时区')}",
              "destination": "/temp.json",
              "overwrite": true
            },
            "authentication": "@parameters('$authentication')"
          }
        },
        "获取文件内容": {
          "runAfter": {
            "从_URL_上传文件": [
              "Succeeded"
            ]
          },
          "metadata": {
            "operationMetadataId": "a486f6f6-19a6-45c7-9588-88854752182f"
          },
          "type": "OpenApiConnection",
          "inputs": {
            "host": {
              "apiId": "/providers/Microsoft.PowerApps/apis/shared_onedriveforbusiness",
              "connectionName": "shared_onedriveforbusiness",
              "operationId": "GetFileContent"
            },
            "parameters": {
              "id": "@outputs('从_URL_上传文件')?['body/Id']",
              "inferContentType": true
            },
            "authentication": "@parameters('$authentication')"
          }
        },
        "删除文件": {
          "runAfter": {
            "获取文件内容": [
              "Succeeded"
            ]
          },
          "metadata": {
            "operationMetadataId": "daab98f5-74d4-4f82-9161-4a74d8717bef"
          },
          "type": "OpenApiConnection",
          "inputs": {
            "host": {
              "apiId": "/providers/Microsoft.PowerApps/apis/shared_onedriveforbusiness",
              "connectionName": "shared_onedriveforbusiness",
              "operationId": "DeleteFile"
            },
            "parameters": {
              "id": "@outputs('从_URL_上传文件')?['body/Id']"
            },
            "authentication": "@parameters('$authentication')"
          }
        },
        "outjson": {
          "runAfter": {
            "删除文件": [
              "Succeeded"
            ]
          },
          "metadata": {
            "operationMetadataId": "f4f91d88-84fb-4ea8-921e-f751b0f5deec"
          },
          "type": "Compose",
          "inputs": "@json(string(outputs('获取文件内容')?['body']))"
        },
        "条件": {
          "actions": {
            "编辑": {
              "runAfter": {},
              "metadata": {
                "operationMetadataId": "c14b9dd8-4b4b-46ab-a201-8645cfb5783e"
              },
              "type": "Compose",
              "inputs": "@outputs('outjson')"
            }
          },
          "runAfter": {
            "outjson": [
              "Succeeded"
            ]
          },
          "else": {
            "actions": {
              "终止": {
                "runAfter": {},
                "metadata": {
                  "operationMetadataId": "1bf3d8d1-29fc-49b5-b090-eead4b8d8db2"
                },
                "type": "Terminate",
                "inputs": {
                  "runStatus": "Cancelled"
                }
              }
            }
          },
          "expression": {
            "equals": [
              "@outputs('outjson')?['is_workday']",
              "@true"
            ]
          },
          "metadata": {
            "operationMetadataId": "4bf42b3c-7d34-4ef3-8611-b6e30eda0b1f"
          },
          "type": "If"
        }
      }
    },
    "templateName": null
  },
  "schemaVersion": "1.0.0.0"
}