{
  "properties": {
    "connectionReferences": {
      "shared_onedriveforbusiness": {
        "runtimeSource": "invoker",
        "connection": {
          "connectionReferenceLogicalName": "cr75b_sharedonedriveforbusiness_ee792"
        },
        "api": {
          "name": "shared_onedriveforbusiness"
        }
      },
      "shared_sftpwithssh_1": {
        "runtimeSource": "invoker",
        "connection": {
          "connectionReferenceLogicalName": "new_sharedsftpwithssh_eea55"
        },
        "api": {
          "name": "shared_sftpwithssh"
        }
      }
    },
    "definition": {
      "$schema": "https://schema.management.azure.com/providers/Microsoft.Logic/schemas/2016-06-01/workflowdefinition.json#",
      "contentVersion": "1.0.0.0",
      "parameters": {
        "$connections": {
          "defaultValue": {},
          "type": "Object"
        },
        "$authentication": {
          "defaultValue": {},
          "type": "SecureObject"
        }
      },
      "triggers": {
        "manual": {
          "metadata": {
            "operationMetadataId": "20685d53-0b10-4f33-a12a-82f4ab168683"
          },
          "type": "Request",
          "kind": "Button",
          "inputs": {
            "schema": {
              "type": "object",
              "properties": {},
              "required": []
            }
          }
        }
      },
      "actions": {
        "列出文件夹中的文件": {
          "runAfter": {},
          "metadata": {
            "b!C5EVQOBm3EqBkuSYrOokTaTHKVG8IQpIpZenqBe8pJ5d8ihxjwUASI1HmvVGjJ4o.01SNIZLP2CX2A55ZAICVHJZARNU3ZS2U6M": "/iFreeFlow/演示发票",
            "operationMetadataId": "eb83cb2e-8fc1-44bd-b8c6-5c292111f53e"
          },
          "type": "OpenApiConnection",
          "inputs": {
            "host": {
              "connectionName": "shared_onedriveforbusiness",
              "operationId": "ListFolderV2",
              "apiId": "/providers/Microsoft.PowerApps/apis/shared_onedriveforbusiness"
            },
            "parameters": {
              "id": "b!C5EVQOBm3EqBkuSYrOokTaTHKVG8IQpIpZenqBe8pJ5d8ihxjwUASI1HmvVGjJ4o.01SNIZLP2CX2A55ZAICVHJZARNU3ZS2U6M"
            },
            "authentication": {
              "type": "Raw",
              "value": "@json(decodeBase64(triggerOutputs().headers['X-MS-APIM-Tokens']))['$ConnectionKey']"
            }
          }
        },
        "应用到每一个": {
          "foreach": "@outputs('列出文件夹中的文件')?['body/value']",
          "actions": {
            "条件": {
              "actions": {
                "转换文件": {
                  "runAfter": {},
                  "metadata": {
                    "operationMetadataId": "c6ac30c4-fc88-403d-adde-d8c0ef768583"
                  },
                  "type": "OpenApiConnection",
                  "inputs": {
                    "host": {
                      "connectionName": "shared_onedriveforbusiness",
                      "operationId": "ConvertFile",
                      "apiId": "/providers/Microsoft.PowerApps/apis/shared_onedriveforbusiness"
                    },
                    "parameters": {
                      "id": "@items('应用到每一个')?['Id']",
                      "type": "JPG"
                    },
                    "authentication": {
                      "type": "Raw",
                      "value": "@json(decodeBase64(triggerOutputs().headers['X-MS-APIM-Tokens']))['$ConnectionKey']"
                    }
                  }
                },
                "创建文件_2": {
                  "runAfter": {
                    "转换文件": [
                      "Succeeded"
                    ]
                  },
                  "metadata": {
                    "operationMetadataId": "5622d514-9969-4936-b36c-b07251d3976b"
                  },
                  "type": "OpenApiConnection",
                  "inputs": {
                    "host": {
                      "connectionName": "shared_onedriveforbusiness",
                      "operationId": "CreateFile",
                      "apiId": "/providers/Microsoft.PowerApps/apis/shared_onedriveforbusiness"
                    },
                    "parameters": {
                      "folderPath": "/",
                      "name": "tempfile@{outputs('转换文件')?['headers/x-ms-file-name']}.png",
                      "body": "@body('转换文件')"
                    },
                    "authentication": {
                      "type": "Raw",
                      "value": "@json(decodeBase64(triggerOutputs().headers['X-MS-APIM-Tokens']))['$ConnectionKey']"
                    }
                  },
                  "runtimeConfiguration": {
                    "contentTransfer": {
                      "transferMode": "Chunked"
                    }
                  }
                },
                "设置变量_2": {
                  "runAfter": {
                    "创建文件_2": [
                      "Succeeded"
                    ]
                  },
                  "metadata": {
                    "operationMetadataId": "9641fd9e-bbfc-487b-8e64-6ed7eac2841d"
                  },
                  "type": "SetVariable",
                  "inputs": {
                    "name": "fileid",
                    "value": "@outputs('创建文件_2')?['body/Id']"
                  }
                }
              },
              "runAfter": {},
              "else": {
                "actions": {
                  "设置变量": {
                    "runAfter": {},
                    "metadata": {
                      "operationMetadataId": "7003730c-1c05-47c7-ae4e-e6cb46a43066"
                    },
                    "type": "SetVariable",
                    "inputs": {
                      "name": "fileid",
                      "value": "@items('应用到每一个')?['Id']"
                    }
                  }
                }
              },
              "expression": {
                "endsWith": [
                  "@items('应用到每一个')?['Name']",
                  ".pdf"
                ]
              },
              "metadata": {
                "operationMetadataId": "75b445f1-c6f6-4c91-82d5-ca6241fc1755"
              },
              "type": "If"
            },
            "获取文件内容": {
              "runAfter": {
                "条件": [
                  "Succeeded"
                ]
              },
              "metadata": {
                "operationMetadataId": "713afff9-932d-44e1-a84b-c3c26f7900b0"
              },
              "type": "OpenApiConnection",
              "inputs": {
                "host": {
                  "connectionName": "shared_onedriveforbusiness",
                  "operationId": "GetFileContent",
                  "apiId": "/providers/Microsoft.PowerApps/apis/shared_onedriveforbusiness"
                },
                "parameters": {
                  "id": "@variables('fileid')",
                  "inferContentType": true
                },
                "authentication": {
                  "type": "Raw",
                  "value": "@json(decodeBase64(triggerOutputs().headers['X-MS-APIM-Tokens']))['$ConnectionKey']"
                }
              }
            },
            "创建文件": {
              "runAfter": {
                "获取文件内容": [
                  "Succeeded"
                ]
              },
              "metadata": {
                "operationMetadataId": "00a7df3f-32d5-4fe4-b3ce-d511d3358ea0"
              },
              "type": "OpenApiConnection",
              "inputs": {
                "host": {
                  "connectionName": "shared_sftpwithssh_1",
                  "operationId": "CreateFile",
                  "apiId": "/providers/Microsoft.PowerApps/apis/shared_sftpwithssh"
                },
                "parameters": {
                  "folderPath": "/home/jeff/iFreeFlow/Files",
                  "name": "@{items('应用到每一个')?['Name']}.png",
                  "body": "@body('获取文件内容')",
                  "ReadFileMetadataFromServer": true
                },
                "authentication": {
                  "type": "Raw",
                  "value": "@json(decodeBase64(triggerOutputs().headers['X-MS-APIM-Tokens']))['$ConnectionKey']"
                }
              },
              "runtimeConfiguration": {
                "contentTransfer": {
                  "transferMode": "Chunked"
                }
              }
            },
            "从_URL_上传文件": {
              "runAfter": {
                "创建文件": [
                  "Succeeded"
                ]
              },
              "metadata": {
                "operationMetadataId": "2703cc8b-ff7d-4927-a163-a97f01fd0323"
              },
              "type": "OpenApiConnection",
              "inputs": {
                "host": {
                  "connectionName": "shared_onedriveforbusiness",
                  "operationId": "CopyFile",
                  "apiId": "/providers/Microsoft.PowerApps/apis/shared_onedriveforbusiness"
                },
                "parameters": {
                  "source": "http://20.39.200.13:8080/invoice-ocr?filename=@{outputs('创建文件')?['body/Name']}",
                  "destination": "/temp.json",
                  "overwrite": true
                },
                "authentication": {
                  "type": "Raw",
                  "value": "@json(decodeBase64(triggerOutputs().headers['X-MS-APIM-Tokens']))['$ConnectionKey']"
                }
              }
            },
            "获取文件内容_2": {
              "runAfter": {
                "从_URL_上传文件": [
                  "Succeeded"
                ]
              },
              "metadata": {
                "operationMetadataId": "3f1c6615-01dd-41a9-b115-ee63af2fc35e"
              },
              "type": "OpenApiConnection",
              "inputs": {
                "host": {
                  "connectionName": "shared_onedriveforbusiness",
                  "operationId": "GetFileContent",
                  "apiId": "/providers/Microsoft.PowerApps/apis/shared_onedriveforbusiness"
                },
                "parameters": {
                  "id": "@outputs('从_URL_上传文件')?['body/Id']",
                  "inferContentType": true
                },
                "authentication": {
                  "type": "Raw",
                  "value": "@json(decodeBase64(triggerOutputs().headers['X-MS-APIM-Tokens']))['$ConnectionKey']"
                }
              }
            },
            "json": {
              "runAfter": {
                "获取文件内容_2": [
                  "Succeeded"
                ]
              },
              "metadata": {
                "operationMetadataId": "942bfb18-456d-4466-a375-2d37eb01a375"
              },
              "type": "Compose",
              "inputs": "@json(string(outputs('获取文件内容_2')?['body']))?['data']"
            },
            "追加到数组变量": {
              "runAfter": {
                "json": [
                  "Succeeded"
                ]
              },
              "metadata": {
                "operationMetadataId": "ba495eca-1201-4e45-9210-39c4109d0893"
              },
              "type": "AppendToArrayVariable",
              "inputs": {
                "name": "识别结果",
                "value": "@outputs('json')"
              }
            }
          },
          "runAfter": {
            "初始化变量_2": [
              "Succeeded"
            ]
          },
          "metadata": {
            "operationMetadataId": "aebb57e9-7de3-4463-9a85-39b96ec443b3"
          },
          "type": "Foreach"
        },
        "初始化变量": {
          "runAfter": {
            "列出文件夹中的文件": [
              "Succeeded"
            ]
          },
          "metadata": {
            "operationMetadataId": "b44b30b7-754b-4c79-8ba2-34b3f0585b93"
          },
          "type": "InitializeVariable",
          "inputs": {
            "variables": [
              {
                "name": "fileid",
                "type": "string"
              }
            ]
          }
        },
        "初始化变量_2": {
          "runAfter": {
            "初始化变量": [
              "Succeeded"
            ]
          },
          "metadata": {
            "operationMetadataId": "15340d6b-8022-45e9-8423-5881f778d7dd"
          },
          "type": "InitializeVariable",
          "inputs": {
            "variables": [
              {
                "name": "识别结果",
                "type": "array"
              }
            ]
          }
        },
        "创建_HTML_表格": {
          "runAfter": {
            "应用到每一个": [
              "Succeeded"
            ]
          },
          "metadata": {
            "operationMetadataId": "cc837cc5-71d7-458d-99eb-03454a6f0819"
          },
          "type": "Table",
          "inputs": {
            "from": "@variables('识别结果')",
            "format": "HTML"
          }
        }
      }
    },
    "templateName": null
  },
  "schemaVersion": "1.0.0.0"
}