{
  "properties": {
    "connectionReferences": {
      "shared_onedriveforbusiness": {
        "runtimeSource": "invoker",
        "connection": {
          "connectionReferenceLogicalName": "cr75b_sharedonedriveforbusiness_ee792"
        },
        "api": {
          "name": "shared_onedriveforbusiness"
        }
      },
      "shared_sharepointonline": {
        "runtimeSource": "invoker",
        "connection": {
          "connectionReferenceLogicalName": "cr75b_sharedsharepointonline_f7827"
        },
        "api": {
          "name": "shared_sharepointonline"
        }
      }
    },
    "definition": {
      "$schema": "https://schema.management.azure.com/providers/Microsoft.Logic/schemas/2016-06-01/workflowdefinition.json#",
      "contentVersion": "1.0.0.0",
      "parameters": {
        "$connections": {
          "defaultValue": {},
          "type": "Object"
        },
        "$authentication": {
          "defaultValue": {},
          "type": "SecureObject"
        }
      },
      "triggers": {
        "manual": {
          "metadata": {
            "operationMetadataId": "7f889972-4238-4b79-b773-19bddce79aec"
          },
          "type": "Request",
          "kind": "Button",
          "inputs": {
            "schema": {
              "type": "object",
              "properties": {
                "text": {
                  "title": "网站地址",
                  "type": "string",
                  "x-ms-dynamically-added": true,
                  "description": "例如 https://mvpjeff.sharepoint.com/sites/Automate108",
                  "x-ms-content-hint": "TEXT"
                },
                "text_1": {
                  "title": "List标题名",
                  "type": "string",
                  "x-ms-dynamically-added": true,
                  "description": "虽支持中文，但强烈推荐用不带空格的纯英文字符，例如： JeffZhuIsMVP",
                  "x-ms-content-hint": "TEXT"
                },
                "text_2": {
                  "title": "List描述",
                  "type": "string",
                  "x-ms-dynamically-added": true,
                  "description": "请简要描述这个List的用途",
                  "x-ms-content-hint": "TEXT"
                },
                "file": {
                  "title": "栏位清单",
                  "type": "object",
                  "x-ms-dynamically-added": true,
                  "description": "请上传模板，请不要动乱表格的标题行",
                  "x-ms-content-hint": "FILE",
                  "properties": {
                    "name": {
                      "type": "string"
                    },
                    "contentBytes": {
                      "type": "string",
                      "format": "byte"
                    }
                  }
                }
              },
              "required": [
                "text",
                "text_1",
                "text_2"
              ]
            }
          }
        }
      },
      "actions": {
        "Scope-解读栏位清单": {
          "actions": {
            "Current_time": {
              "runAfter": {},
              "metadata": {
                "operationMetadataId": "cd04f68b-a5b6-4b92-abbb-c660e342cd3d"
              },
              "type": "Expression",
              "kind": "CurrentTime",
              "inputs": {}
            },
            "Convert_time_zone": {
              "runAfter": {
                "Current_time": [
                  "Succeeded"
                ]
              },
              "metadata": {
                "operationMetadataId": "c048a5ee-3a4c-453a-b319-7a9b6fac6c38"
              },
              "type": "Expression",
              "kind": "ConvertTimeZone",
              "inputs": {
                "baseTime": "@body('Current_time')",
                "formatString": "yyyyMMdd_hhmmss",
                "sourceTimeZone": "UTC",
                "destinationTimeZone": "China Standard Time"
              }
            },
            "Create_file": {
              "runAfter": {
                "Convert_time_zone": [
                  "Succeeded"
                ]
              },
              "metadata": {
                "operationMetadataId": "5ce2976f-548a-471c-8f06-47ccc69828e0"
              },
              "type": "OpenApiConnection",
              "inputs": {
                "host": {
                  "connectionName": "shared_onedriveforbusiness",
                  "operationId": "CreateFile",
                  "apiId": "/providers/Microsoft.PowerApps/apis/shared_onedriveforbusiness"
                },
                "parameters": {
                  "folderPath": "/",
                  "name": "@{body('Convert_time_zone')}.csv",
                  "body": "@base64ToBinary(triggerBody()?['file']?['contentBytes'])"
                },
                "authentication": {
                  "type": "Raw",
                  "value": "@json(decodeBase64(triggerOutputs().headers['X-MS-APIM-Tokens']))['$ConnectionKey']"
                }
              },
              "runtimeConfiguration": {
                "contentTransfer": {
                  "transferMode": "Chunked"
                }
              }
            },
            "Get_file_content": {
              "runAfter": {
                "Create_file": [
                  "Succeeded"
                ]
              },
              "metadata": {
                "operationMetadataId": "9ea58655-40c9-4e37-97cb-f6e161540338"
              },
              "type": "OpenApiConnection",
              "inputs": {
                "host": {
                  "connectionName": "shared_onedriveforbusiness",
                  "operationId": "GetFileContent",
                  "apiId": "/providers/Microsoft.PowerApps/apis/shared_onedriveforbusiness"
                },
                "parameters": {
                  "id": "@outputs('Create_file')?['body/Id']",
                  "inferContentType": true
                },
                "authentication": {
                  "type": "Raw",
                  "value": "@json(decodeBase64(triggerOutputs().headers['X-MS-APIM-Tokens']))['$ConnectionKey']"
                }
              }
            },
            "Newline": {
              "runAfter": {
                "Get_file_content": [
                  "Succeeded"
                ]
              },
              "metadata": {
                "operationMetadataId": "9a3264e2-5ff4-4165-88b9-e306c850b718"
              },
              "type": "Compose",
              "inputs": "\n"
            },
            "Delete_file": {
              "runAfter": {
                "Get_file_content": [
                  "Succeeded"
                ]
              },
              "metadata": {
                "operationMetadataId": "6a9ede83-bb3f-4e6d-85e3-168f9ac1de9c"
              },
              "type": "OpenApiConnection",
              "inputs": {
                "host": {
                  "connectionName": "shared_onedriveforbusiness",
                  "operationId": "DeleteFile",
                  "apiId": "/providers/Microsoft.PowerApps/apis/shared_onedriveforbusiness"
                },
                "parameters": {
                  "id": "@outputs('Create_file')?['body/Id']"
                },
                "authentication": {
                  "type": "Raw",
                  "value": "@json(decodeBase64(triggerOutputs().headers['X-MS-APIM-Tokens']))['$ConnectionKey']"
                }
              }
            },
            "RawCSVdata": {
              "runAfter": {
                "Newline": [
                  "Succeeded"
                ]
              },
              "metadata": {
                "operationMetadataId": "f61ff0f9-9d90-4414-bcb5-80b3c1f3026c"
              },
              "type": "Compose",
              "inputs": "@take(split(outputs('Get_file_content')?['body'],outputs('Newline')),sub(length(split(outputs('Get_file_content')?['body'],outputs('Newline'))),1))"
            },
            "CSVtitle": {
              "runAfter": {
                "RawCSVdata": [
                  "Succeeded"
                ],
                "Delete_file": [
                  "Succeeded"
                ]
              },
              "metadata": {
                "operationMetadataId": "1af8bdf2-95a0-4545-905f-0e798e0cae44"
              },
              "type": "Compose",
              "inputs": "@split(first(outputs('RawCSVdata')),',')"
            },
            "CSVdata": {
              "runAfter": {
                "CSVtitle": [
                  "Succeeded"
                ]
              },
              "metadata": {
                "operationMetadataId": "b5b91563-46b4-4444-8b9c-df97a5c647a9"
              },
              "type": "Compose",
              "inputs": "@skip(outputs('RawCSVdata'),1)"
            },
            "EachRow": {
              "foreach": "@outputs('CSVdata')",
              "actions": {
                "Rowdata": {
                  "runAfter": {},
                  "metadata": {
                    "operationMetadataId": "ec92ef32-0c84-4679-b389-acdd4e01137e"
                  },
                  "type": "Compose",
                  "inputs": "@split(items('EachRow'),',')",
                  "description": "split(items('EachRow'),',')"
                },
                "Append_to_array_variable": {
                  "runAfter": {
                    "Rowdata": [
                      "Succeeded"
                    ]
                  },
                  "metadata": {
                    "operationMetadataId": "4b89c285-3cf4-44bb-b677-ad9cda297ab4"
                  },
                  "type": "AppendToArrayVariable",
                  "inputs": {
                    "name": "栏位数据",
                    "value": {
                      "@{outputs('CSVtitle')[0]}": "@{outputs('Rowdata')[0]}",
                      "@{outputs('CSVtitle')[1]}": "@{outputs('Rowdata')[1]}",
                      "@{outputs('CSVtitle')[2]}": "@{outputs('Rowdata')[2]}",
                      "@{outputs('CSVtitle')[3]}": "@{replace(outputs('Rowdata')[3],'\\r','')}"
                    }
                  }
                }
              },
              "runAfter": {
                "CSVdata": [
                  "Succeeded"
                ]
              },
              "metadata": {
                "operationMetadataId": "f41ece2c-9931-4cf1-b4b9-297cb540c2b1"
              },
              "type": "Foreach"
            }
          },
          "runAfter": {
            "定义栏位的数组": [
              "Succeeded"
            ]
          },
          "metadata": {
            "operationMetadataId": "caba0663-1fbe-4838-9978-f1bf5608e024"
          },
          "type": "Scope"
        },
        "定义栏位的数组": {
          "runAfter": {},
          "metadata": {
            "operationMetadataId": "2b474bdc-6b5e-49f4-a62c-7858116728cd"
          },
          "type": "InitializeVariable",
          "inputs": {
            "variables": [
              {
                "name": "栏位数据",
                "type": "array"
              }
            ]
          }
        },
        "Scope-创建SharePoint的List": {
          "actions": {
            "预先删除list": {
              "runAfter": {},
              "metadata": {
                "operationMetadataId": "2f2f20b6-3c2e-4c4f-87ba-04b3ea35f203"
              },
              "type": "OpenApiConnection",
              "inputs": {
                "host": {
                  "connectionName": "shared_sharepointonline",
                  "operationId": "HttpRequest",
                  "apiId": "/providers/Microsoft.PowerApps/apis/shared_sharepointonline"
                },
                "parameters": {
                  "dataset": "@triggerBody()['text']",
                  "parameters/method": "POST",
                  "parameters/uri": "_api/web/lists/getByTitle('@{triggerBody()['text_1']}')",
                  "parameters/headers": {
                    "accept": "application/json; odata=verbose",
                    "IF-MATCH": "*",
                    "X-HTTP-Method": "DELETE"
                  }
                },
                "authentication": {
                  "type": "Raw",
                  "value": "@json(decodeBase64(triggerOutputs().headers['X-MS-APIM-Tokens']))['$ConnectionKey']"
                }
              }
            },
            "创建list": {
              "runAfter": {
                "预先删除list": [
                  "Succeeded",
                  "Failed",
                  "Skipped",
                  "TimedOut"
                ]
              },
              "metadata": {
                "operationMetadataId": "85ac99de-beb6-429e-804d-37805ba36973"
              },
              "type": "OpenApiConnection",
              "inputs": {
                "host": {
                  "connectionName": "shared_sharepointonline",
                  "operationId": "HttpRequest",
                  "apiId": "/providers/Microsoft.PowerApps/apis/shared_sharepointonline"
                },
                "parameters": {
                  "dataset": "@triggerBody()['text']",
                  "parameters/method": "POST",
                  "parameters/uri": "_api/web/lists",
                  "parameters/body": "{\n  \"AllowContentTypes\": true,\n  \"BaseTemplate\": 100,\n \"ContentTypesEnabled\": false,\n \"Description\": \"@{triggerBody()['text_2']}\",\n \"Title\": \"@{triggerBody()['text_1']}\"\n}"
                },
                "authentication": {
                  "type": "Raw",
                  "value": "@json(decodeBase64(triggerOutputs().headers['X-MS-APIM-Tokens']))['$ConnectionKey']"
                }
              }
            },
            "取消title的必填": {
              "runAfter": {
                "创建list": [
                  "Succeeded"
                ]
              },
              "metadata": {
                "operationMetadataId": "f446112a-e6c6-439f-9c3d-eb1c3930b9e9"
              },
              "type": "OpenApiConnection",
              "inputs": {
                "host": {
                  "connectionName": "shared_sharepointonline",
                  "operationId": "HttpRequest",
                  "apiId": "/providers/Microsoft.PowerApps/apis/shared_sharepointonline"
                },
                "parameters": {
                  "dataset": "@triggerBody()['text']",
                  "parameters/method": "POST",
                  "parameters/uri": "_api/web/lists/getByTitle('@{triggerBody()['text_1']}')/fields/getbytitle('Title')",
                  "parameters/headers": {
                    "IF-MATCH": "*",
                    "X-HTTP-Method": "MERGE"
                  },
                  "parameters/body": "{     \n     'Required':  'FALSE'\n}"
                },
                "authentication": {
                  "type": "Raw",
                  "value": "@json(decodeBase64(triggerOutputs().headers['X-MS-APIM-Tokens']))['$ConnectionKey']"
                }
              }
            }
          },
          "runAfter": {
            "定义栏位的数组": [
              "Succeeded"
            ]
          },
          "metadata": {
            "operationMetadataId": "e2529250-28cb-4e9d-ace4-8276153f3bf1"
          },
          "type": "Scope"
        }
      }
    },
    "templateName": ""
  },
  "schemaVersion": "1.0.0.0"
}