{
  "properties": {
    "connectionReferences": {
      "shared_sftpwithssh_1": {
        "runtimeSource": "invoker",
        "connection": {
          "connectionReferenceLogicalName": "new_sharedsftpwithssh_eea55"
        },
        "api": {
          "name": "shared_sftpwithssh"
        }
      },
      "shared_onedriveforbusiness": {
        "runtimeSource": "invoker",
        "connection": {
          "connectionReferenceLogicalName": "cr75b_sharedonedriveforbusiness_ee792"
        },
        "api": {
          "name": "shared_onedriveforbusiness"
        }
      },
      "shared_sftpwithssh": {
        "runtimeSource": "invoker",
        "connection": {
          "connectionReferenceLogicalName": "new_sharedsftpwithssh_04ea6"
        },
        "api": {
          "name": "shared_sftpwithssh"
        }
      }
    },
    "definition": {
      "$schema": "https://schema.management.azure.com/providers/Microsoft.Logic/schemas/2016-06-01/workflowdefinition.json#",
      "contentVersion": "1.0.0.0",
      "parameters": {
        "$connections": {
          "defaultValue": {},
          "type": "Object"
        },
        "$authentication": {
          "defaultValue": {},
          "type": "SecureObject"
        }
      },
      "triggers": {
        "manual": {
          "metadata": {
            "operationMetadataId": "6682d4e7-9bfd-41d1-99f1-df11233dd5ee"
          },
          "type": "Request",
          "kind": "Button",
          "inputs": {
            "schema": {
              "type": "object",
              "properties": {
                "file": {
                  "title": "office文件",
                  "type": "object",
                  "x-ms-dynamically-added": true,
                  "description": "请选择文件或图像",
                  "x-ms-content-hint": "FILE",
                  "properties": {
                    "name": {
                      "type": "string"
                    },
                    "contentBytes": {
                      "type": "string",
                      "format": "byte"
                    }
                  }
                }
              },
              "required": []
            }
          }
        }
      },
      "actions": {
        "创建文件": {
          "runAfter": {},
          "metadata": {
            "operationMetadataId": "13a4a3d0-19e4-4ce1-aa5a-8eb60ed3af20"
          },
          "type": "OpenApiConnection",
          "inputs": {
            "host": {
              "connectionName": "shared_sftpwithssh_1",
              "operationId": "CreateFile",
              "apiId": "/providers/Microsoft.PowerApps/apis/shared_sftpwithssh"
            },
            "parameters": {
              "folderPath": "/home/jeff/iFreeFlow/Files",
              "name": "@triggerBody()['file']['name']",
              "body": "@triggerBody()['file']['contentBytes']",
              "ReadFileMetadataFromServer": true
            },
            "authentication": {
              "type": "Raw",
              "value": "@json(decodeBase64(triggerOutputs().headers['X-MS-APIM-Tokens']))['$ConnectionKey']"
            }
          },
          "runtimeConfiguration": {
            "contentTransfer": {
              "transferMode": "Chunked"
            }
          }
        },
        "从_URL_上传文件": {
          "runAfter": {
            "创建文件": [
              "Succeeded"
            ]
          },
          "metadata": {
            "operationMetadataId": "34ec8718-08ba-4900-9a71-6aca4a6f76b7"
          },
          "type": "OpenApiConnection",
          "inputs": {
            "host": {
              "connectionName": "shared_onedriveforbusiness",
              "operationId": "CopyFile",
              "apiId": "/providers/Microsoft.PowerApps/apis/shared_onedriveforbusiness"
            },
            "parameters": {
              "source": "http://20.39.200.13:8080/convert?filename=@{outputs('创建文件')?['body/Name']}",
              "destination": "/temp.json",
              "overwrite": true
            },
            "authentication": {
              "type": "Raw",
              "value": "@json(decodeBase64(triggerOutputs().headers['X-MS-APIM-Tokens']))['$ConnectionKey']"
            }
          }
        },
        "获取文件内容": {
          "runAfter": {
            "从_URL_上传文件": [
              "Succeeded"
            ]
          },
          "metadata": {
            "operationMetadataId": "39fcc47e-e12f-4d1b-9b5b-9f90eba055bf"
          },
          "type": "OpenApiConnection",
          "inputs": {
            "host": {
              "connectionName": "shared_onedriveforbusiness",
              "operationId": "GetFileContent",
              "apiId": "/providers/Microsoft.PowerApps/apis/shared_onedriveforbusiness"
            },
            "parameters": {
              "id": "@outputs('从_URL_上传文件')?['body/Id']",
              "inferContentType": true
            },
            "authentication": {
              "type": "Raw",
              "value": "@json(decodeBase64(triggerOutputs().headers['X-MS-APIM-Tokens']))['$ConnectionKey']"
            }
          }
        },
        "json": {
          "runAfter": {
            "获取文件内容": [
              "Succeeded"
            ]
          },
          "metadata": {
            "operationMetadataId": "e53e8efb-a5e5-4729-ae1b-91c9d3c9c200"
          },
          "type": "Compose",
          "inputs": "@json(string(outputs('获取文件内容')?['body']))"
        },
        "PDFpath": {
          "runAfter": {
            "json": [
              "Succeeded"
            ]
          },
          "metadata": {
            "operationMetadataId": "1f6451aa-9804-49bb-b504-9aaad0c8c008"
          },
          "type": "Compose",
          "inputs": "@outputs('json')?['pdf_file_path']",
          "description": "outputs('json')?['pdf_file_path']"
        },
        "获取文件内容_2": {
          "runAfter": {
            "PDFpath": [
              "Succeeded"
            ]
          },
          "metadata": {
            "operationMetadataId": "3a01c7bc-09f5-494d-935d-9876a220221b"
          },
          "type": "OpenApiConnection",
          "inputs": {
            "host": {
              "connectionName": "shared_sftpwithssh",
              "operationId": "GetFileContent",
              "apiId": "/providers/Microsoft.PowerApps/apis/shared_sftpwithssh"
            },
            "parameters": {
              "id": "@outputs('PDFpath')",
              "inferContentType": true
            },
            "authentication": {
              "type": "Raw",
              "value": "@json(decodeBase64(triggerOutputs().headers['X-MS-APIM-Tokens']))['$ConnectionKey']"
            }
          }
        },
        "创建文件_2": {
          "runAfter": {
            "获取文件内容_2": [
              "Succeeded"
            ]
          },
          "metadata": {
            "operationMetadataId": "e1f115be-0b39-4eb4-888e-3608148f3a59"
          },
          "type": "OpenApiConnection",
          "inputs": {
            "host": {
              "connectionName": "shared_onedriveforbusiness",
              "operationId": "CreateFile",
              "apiId": "/providers/Microsoft.PowerApps/apis/shared_onedriveforbusiness"
            },
            "parameters": {
              "folderPath": "/iFreeFlow",
              "name": "@{outputs('创建文件')?['body/DisplayName']}.PDF",
              "body": "@body('获取文件内容_2')"
            },
            "authentication": {
              "type": "Raw",
              "value": "@json(decodeBase64(triggerOutputs().headers['X-MS-APIM-Tokens']))['$ConnectionKey']"
            }
          },
          "runtimeConfiguration": {
            "contentTransfer": {
              "transferMode": "Chunked"
            }
          }
        },
        "删除文件": {
          "runAfter": {
            "获取文件内容_2": [
              "Succeeded"
            ]
          },
          "metadata": {
            "operationMetadataId": "570958d5-1ec4-475e-a2ea-ac6573d98e98"
          },
          "type": "OpenApiConnection",
          "inputs": {
            "host": {
              "connectionName": "shared_onedriveforbusiness",
              "operationId": "DeleteFile",
              "apiId": "/providers/Microsoft.PowerApps/apis/shared_onedriveforbusiness"
            },
            "parameters": {
              "id": "@outputs('从_URL_上传文件')?['body/Id']"
            },
            "authentication": {
              "type": "Raw",
              "value": "@json(decodeBase64(triggerOutputs().headers['X-MS-APIM-Tokens']))['$ConnectionKey']"
            }
          }
        },
        "删除文件_2": {
          "runAfter": {
            "获取文件内容_2": [
              "Succeeded"
            ]
          },
          "metadata": {
            "operationMetadataId": "31763295-4834-4b7b-b5f5-00a2f9440e67"
          },
          "type": "OpenApiConnection",
          "inputs": {
            "host": {
              "connectionName": "shared_sftpwithssh",
              "operationId": "DeleteFile",
              "apiId": "/providers/Microsoft.PowerApps/apis/shared_sftpwithssh"
            },
            "parameters": {
              "id": "@outputs('创建文件')?['body/Id']",
              "SkipDeleteIfFileNotFoundOnServer": false
            },
            "authentication": {
              "type": "Raw",
              "value": "@json(decodeBase64(triggerOutputs().headers['X-MS-APIM-Tokens']))['$ConnectionKey']"
            }
          }
        }
      }
    },
    "templateName": null
  },
  "schemaVersion": "1.0.0.0"
}