{
  "properties": {
    "connectionReferences": {
      "shared_onedriveforbusiness": {
        "runtimeSource": "embedded",
        "connection": {
          "connectionReferenceLogicalName": "cr75b_sharedonedriveforbusiness_ee792"
        },
        "api": {
          "name": "shared_onedriveforbusiness"
        }
      }
    },
    "definition": {
      "$schema": "https://schema.management.azure.com/providers/Microsoft.Logic/schemas/2016-06-01/workflowdefinition.json#",
      "contentVersion": "1.0.0.0",
      "parameters": {
        "$connections": {
          "defaultValue": {},
          "type": "Object"
        },
        "$authentication": {
          "defaultValue": {},
          "type": "SecureObject"
        }
      },
      "triggers": {
        "manual": {
          "metadata": {
            "operationMetadataId": "a1ff1431-e640-464a-b418-0cf27c556e15"
          },
          "type": "Request",
          "kind": "Button",
          "inputs": {
            "schema": {
              "type": "object",
              "properties": {
                "text": {
                  "title": "wechatid",
                  "type": "string",
                  "x-ms-dynamically-added": true,
                  "description": "微信的推送id ",
                  "x-ms-content-hint": "TEXT"
                },
                "text_1": {
                  "title": "title",
                  "type": "string",
                  "x-ms-dynamically-added": true,
                  "description": "标题",
                  "x-ms-content-hint": "TEXT"
                },
                "text_2": {
                  "title": "content",
                  "type": "string",
                  "x-ms-dynamically-added": true,
                  "description": "推送的内容 markdown HTML ",
                  "x-ms-content-hint": "TEXT"
                }
              },
              "required": [
                "text",
                "text_1",
                "text_2"
              ]
            }
          }
        }
      },
      "actions": {
        "初始化变量": {
          "runAfter": {},
          "metadata": {
            "operationMetadataId": "e7e81f56-c4d4-4d4d-a940-f09aae25e30f"
          },
          "type": "InitializeVariable",
          "inputs": {
            "variables": [
              {
                "name": "推送url",
                "type": "string",
                "value": "http://ifreeflow.koreacentral.cloudapp.azure.com:8080/api/wechat_notify?wechat_id=@{triggerBody()['text']}&title=@{triggerBody()['text_1']}&content=@{triggerBody()['text_2']}"
              }
            ]
          },
          "description": "3be5931476f86adebd1e57f68b6ee7bb1133567420"
        },
        "从_URL_上传文件": {
          "runAfter": {
            "初始化变量": [
              "Succeeded"
            ]
          },
          "metadata": {
            "operationMetadataId": "4199a973-5840-4e38-b27b-a2aa9f7d0b4f"
          },
          "type": "OpenApiConnection",
          "inputs": {
            "host": {
              "apiId": "/providers/Microsoft.PowerApps/apis/shared_onedriveforbusiness",
              "connectionName": "shared_onedriveforbusiness",
              "operationId": "CopyFile"
            },
            "parameters": {
              "source": "@variables('推送url')",
              "destination": "/temp.json",
              "overwrite": true
            },
            "authentication": {
              "value": "@json(decodeBase64(triggerOutputs().headers['X-MS-APIM-Tokens']))['$ConnectionKey']",
              "type": "Raw"
            }
          }
        },
        "获取文件内容": {
          "runAfter": {
            "从_URL_上传文件": [
              "Succeeded"
            ]
          },
          "metadata": {
            "operationMetadataId": "bc89aa11-878b-4ba3-a6f7-69101ded6b77"
          },
          "type": "OpenApiConnection",
          "inputs": {
            "host": {
              "apiId": "/providers/Microsoft.PowerApps/apis/shared_onedriveforbusiness",
              "connectionName": "shared_onedriveforbusiness",
              "operationId": "GetFileContent"
            },
            "parameters": {
              "id": "@outputs('从_URL_上传文件')?['body/Id']",
              "inferContentType": true
            },
            "authentication": {
              "value": "@json(decodeBase64(triggerOutputs().headers['X-MS-APIM-Tokens']))['$ConnectionKey']",
              "type": "Raw"
            }
          }
        },
        "outjson": {
          "runAfter": {
            "获取文件内容": [
              "Succeeded"
            ]
          },
          "metadata": {
            "operationMetadataId": "dc8b0f34-56c0-49a8-87b7-be0bbd126b7f"
          },
          "type": "Compose",
          "inputs": "@json(string(outputs('获取文件内容')?['body']))"
        },
        "删除文件": {
          "runAfter": {
            "获取文件内容": [
              "Succeeded"
            ]
          },
          "metadata": {
            "operationMetadataId": "25f47fa3-0057-477e-8baa-83e2e0eb86d1"
          },
          "type": "OpenApiConnection",
          "inputs": {
            "host": {
              "apiId": "/providers/Microsoft.PowerApps/apis/shared_onedriveforbusiness",
              "connectionName": "shared_onedriveforbusiness",
              "operationId": "DeleteFile"
            },
            "parameters": {
              "id": "@outputs('从_URL_上传文件')?['body/Id']"
            },
            "authentication": {
              "value": "@json(decodeBase64(triggerOutputs().headers['X-MS-APIM-Tokens']))['$ConnectionKey']",
              "type": "Raw"
            }
          }
        },
        "Respond_to_a_Power_App_or_flow": {
          "runAfter": {
            "outjson": [
              "Succeeded"
            ],
            "删除文件": [
              "Succeeded"
            ]
          },
          "metadata": {
            "operationMetadataId": "ad3a7054-1116-4fca-88e3-bee3494638f6"
          },
          "type": "Response",
          "kind": "PowerApp",
          "inputs": {
            "statusCode": 200,
            "body": {
              "feedback": "@{outputs('outjson')?['error_code']}"
            },
            "schema": {
              "type": "object",
              "properties": {
                "feedback": {
                  "title": "feedback",
                  "x-ms-dynamically-added": true,
                  "type": "string"
                }
              }
            }
          }
        }
      }
    },
    "templateName": null
  },
  "schemaVersion": "1.0.0.0"
}