{
  "properties": {
    "connectionReferences": {
      "shared_sftpwithssh_3": {
        "runtimeSource": "invoker",
        "connection": {
          "connectionReferenceLogicalName": "new_sharedsftpwithssh_5003a"
        },
        "api": {
          "name": "shared_sftpwithssh"
        }
      },
      "shared_onedriveforbusiness": {
        "runtimeSource": "invoker",
        "connection": {
          "connectionReferenceLogicalName": "new_sharedonedriveforbusiness_632ef"
        },
        "api": {
          "name": "shared_onedriveforbusiness"
        }
      }
    },
    "definition": {
      "$schema": "https://schema.management.azure.com/providers/Microsoft.Logic/schemas/2016-06-01/workflowdefinition.json#",
      "contentVersion": "1.0.0.0",
      "parameters": {
        "$connections": {
          "defaultValue": {},
          "type": "Object"
        },
        "$authentication": {
          "defaultValue": {},
          "type": "SecureObject"
        }
      },
      "triggers": {
        "manual": {
          "metadata": {
            "operationMetadataId": "904032b3-039b-4321-97b9-177d97c30582"
          },
          "type": "Request",
          "kind": "Button",
          "inputs": {
            "schema": {
              "type": "object",
              "properties": {
                "file": {
                  "title": "InputWord",
                  "type": "object",
                  "x-ms-dynamically-added": true,
                  "description": "请选择文件或图像",
                  "x-ms-content-hint": "FILE",
                  "properties": {
                    "name": {
                      "type": "string"
                    },
                    "contentBytes": {
                      "type": "string",
                      "format": "byte"
                    }
                  }
                }
              },
              "required": []
            }
          }
        }
      },
      "actions": {
        "创建文件": {
          "runAfter": {},
          "metadata": {
            "operationMetadataId": "efae16b0-2678-46d9-90ec-dcb55bd45db0"
          },
          "type": "OpenApiConnection",
          "inputs": {
            "host": {
              "apiId": "/providers/Microsoft.PowerApps/apis/shared_sftpwithssh",
              "connectionName": "shared_sftpwithssh_3",
              "operationId": "CreateFile"
            },
            "parameters": {
              "folderPath": "/home/jeff/iFreeFlow/Files",
              "name": "@triggerBody()?['file']?['name']",
              "body": "@triggerBody()?['file']?['contentBytes']",
              "ReadFileMetadataFromServer": true
            },
            "authentication": {
              "value": "@json(decodeBase64(triggerOutputs().headers['X-MS-APIM-Tokens']))['$ConnectionKey']",
              "type": "Raw"
            }
          },
          "runtimeConfiguration": {
            "contentTransfer": {
              "transferMode": "Chunked"
            }
          }
        },
        "获取文件内容": {
          "runAfter": {
            "PDFpath": [
              "Succeeded"
            ]
          },
          "metadata": {
            "operationMetadataId": "f451d68e-5181-442a-a69e-a862003e93fe"
          },
          "type": "OpenApiConnection",
          "inputs": {
            "host": {
              "apiId": "/providers/Microsoft.PowerApps/apis/shared_sftpwithssh",
              "connectionName": "shared_sftpwithssh_3",
              "operationId": "GetFileContent"
            },
            "parameters": {
              "id": "@outputs('PDFpath')",
              "inferContentType": true
            },
            "authentication": {
              "value": "@json(decodeBase64(triggerOutputs().headers['X-MS-APIM-Tokens']))['$ConnectionKey']",
              "type": "Raw"
            }
          }
        },
        "从_URL_上传文件": {
          "runAfter": {
            "创建文件": [
              "Succeeded"
            ]
          },
          "metadata": {
            "operationMetadataId": "8e413e57-967d-4594-8975-8c31ab92176d"
          },
          "type": "OpenApiConnection",
          "inputs": {
            "host": {
              "apiId": "/providers/Microsoft.PowerApps/apis/shared_onedriveforbusiness",
              "connectionName": "shared_onedriveforbusiness",
              "operationId": "CopyFile"
            },
            "parameters": {
              "source": "http://20.39.200.13:8080/convert?filename=@{outputs('创建文件')?['body/Name']}",
              "destination": "/temp.json",
              "overwrite": true
            },
            "authentication": {
              "value": "@json(decodeBase64(triggerOutputs().headers['X-MS-APIM-Tokens']))['$ConnectionKey']",
              "type": "Raw"
            }
          }
        },
        "获取文件内容_2": {
          "runAfter": {
            "从_URL_上传文件": [
              "Succeeded"
            ]
          },
          "metadata": {
            "operationMetadataId": "03c0bfa2-68dd-4944-8d36-a4366ccd998e"
          },
          "type": "OpenApiConnection",
          "inputs": {
            "host": {
              "apiId": "/providers/Microsoft.PowerApps/apis/shared_onedriveforbusiness",
              "connectionName": "shared_onedriveforbusiness",
              "operationId": "GetFileContent"
            },
            "parameters": {
              "id": "@outputs('从_URL_上传文件')?['body/Id']",
              "inferContentType": true
            },
            "authentication": {
              "value": "@json(decodeBase64(triggerOutputs().headers['X-MS-APIM-Tokens']))['$ConnectionKey']",
              "type": "Raw"
            }
          }
        },
        "json": {
          "runAfter": {
            "获取文件内容_2": [
              "Succeeded"
            ]
          },
          "metadata": {
            "operationMetadataId": "c39f7def-b41d-4317-a548-4c3a6f7e4227"
          },
          "type": "Compose",
          "inputs": "@json(string(outputs('获取文件内容_2')?['body']))"
        },
        "PDFpath": {
          "runAfter": {
            "json": [
              "Succeeded"
            ]
          },
          "metadata": {
            "operationMetadataId": "def73c8d-aa47-462a-8476-dc7946ea945f"
          },
          "type": "Compose",
          "inputs": "@outputs('json')?['pdf_file_path']",
          "description": "last(split(outputs('json')?['pdf_file_path'],'/'))"
        },
        "删除文件": {
          "runAfter": {
            "获取文件内容": [
              "Succeeded"
            ]
          },
          "metadata": {
            "operationMetadataId": "37927226-0e4f-48c0-a301-7d1f61cee705"
          },
          "type": "OpenApiConnection",
          "inputs": {
            "host": {
              "apiId": "/providers/Microsoft.PowerApps/apis/shared_sftpwithssh",
              "connectionName": "shared_sftpwithssh_3",
              "operationId": "DeleteFile"
            },
            "parameters": {
              "id": "@outputs('创建文件')?['body/Id']",
              "SkipDeleteIfFileNotFoundOnServer": false
            },
            "authentication": {
              "value": "@json(decodeBase64(triggerOutputs().headers['X-MS-APIM-Tokens']))['$ConnectionKey']",
              "type": "Raw"
            }
          }
        },
        "删除文件_2": {
          "runAfter": {
            "获取文件内容": [
              "Succeeded"
            ]
          },
          "metadata": {
            "operationMetadataId": "62206137-232f-4bf1-ba1d-462223612935"
          },
          "type": "OpenApiConnection",
          "inputs": {
            "host": {
              "apiId": "/providers/Microsoft.PowerApps/apis/shared_onedriveforbusiness",
              "connectionName": "shared_onedriveforbusiness",
              "operationId": "DeleteFile"
            },
            "parameters": {
              "id": "@outputs('从_URL_上传文件')?['body/Id']"
            },
            "authentication": {
              "value": "@json(decodeBase64(triggerOutputs().headers['X-MS-APIM-Tokens']))['$ConnectionKey']",
              "type": "Raw"
            }
          }
        },
        "创建文件_2": {
          "runAfter": {
            "获取文件内容": [
              "Succeeded"
            ]
          },
          "metadata": {
            "operationMetadataId": "90eb73b7-df2b-42a7-be0b-185ef360657a"
          },
          "type": "OpenApiConnection",
          "inputs": {
            "host": {
              "apiId": "/providers/Microsoft.PowerApps/apis/shared_onedriveforbusiness",
              "connectionName": "shared_onedriveforbusiness",
              "operationId": "CreateFile"
            },
            "parameters": {
              "folderPath": "/",
              "name": "@{outputs('创建文件')?['body/DisplayName']}.PDF",
              "body": "@body('获取文件内容')"
            },
            "authentication": {
              "value": "@json(decodeBase64(triggerOutputs().headers['X-MS-APIM-Tokens']))['$ConnectionKey']",
              "type": "Raw"
            }
          },
          "runtimeConfiguration": {
            "contentTransfer": {
              "transferMode": "Chunked"
            }
          }
        }
      }
    },
    "templateName": null
  },
  "schemaVersion": "1.0.0.0"
}