{
  "properties": {
    "connectionReferences": {},
    "definition": {
      "$schema": "https://schema.management.azure.com/providers/Microsoft.Logic/schemas/2016-06-01/workflowdefinition.json#",
      "contentVersion": "1.0.0.0",
      "parameters": {
        "$authentication": {
          "defaultValue": {},
          "type": "SecureObject"
        }
      },
      "triggers": {
        "manual": {
          "metadata": {
            "operationMetadataId": "9b15309d-3ac7-4aaa-861d-aa0cc63c5c67"
          },
          "type": "Request",
          "kind": "Button",
          "inputs": {
            "schema": {
              "type": "object",
              "properties": {
                "text": {
                  "title": "微信",
                  "type": "string",
                  "x-ms-dynamically-added": true,
                  "description": "请输入你的输入",
                  "x-ms-content-hint": "TEXT"
                },
                "text_1": {
                  "title": "内容",
                  "type": "string",
                  "x-ms-dynamically-added": true,
                  "description": "请输入你的输入",
                  "x-ms-content-hint": "TEXT"
                }
              },
              "required": [
                "text",
                "text_1"
              ]
            }
          }
        }
      },
      "actions": {
        "运行子流": {
          "runAfter": {},
          "metadata": {
            "operationMetadataId": "bb98ddc0-cc5e-437d-a68c-d3abe41d6111"
          },
          "type": "Workflow",
          "inputs": {
            "host": {
              "workflowReferenceName": "3dfe5c79-3e4f-ef11-a316-6045bd5a0abc"
            },
            "body": {
              "text": "@triggerBody()['text']",
              "text_1": "这是通过调用子流方式进行的免费推送",
              "text_2": "@triggerBody()['text_1']"
            }
          }
        },
        "编辑": {
          "runAfter": {
            "运行子流": [
              "Succeeded"
            ]
          },
          "metadata": {
            "operationMetadataId": "89e93cb1-a792-4366-a866-36abf79b95d3"
          },
          "type": "Compose",
          "inputs": "@body('运行子流')?['feedback']"
        }
      }
    },
    "templateName": null
  },
  "schemaVersion": "1.0.0.0"
}