{
  "properties": {
    "connectionReferences": {
      "shared_onedriveforbusiness": {
        "runtimeSource": "invoker",
        "connection": {
          "connectionReferenceLogicalName": "cr75b_sharedonedriveforbusiness_ee792"
        },
        "api": {
          "name": "shared_onedriveforbusiness"
        }
      },
      "shared_sftpwithssh_1": {
        "runtimeSource": "invoker",
        "connection": {
          "connectionReferenceLogicalName": "new_sharedsftpwithssh_eea55"
        },
        "api": {
          "name": "shared_sftpwithssh"
        }
      },
      "shared_sftpwithssh": {
        "runtimeSource": "invoker",
        "connection": {
          "connectionReferenceLogicalName": "new_sharedsftpwithssh_04ea6"
        },
        "api": {
          "name": "shared_sftpwithssh"
        }
      },
      "shared_office365": {
        "runtimeSource": "invoker",
        "connection": {
          "connectionReferenceLogicalName": "cr49f_Office365Outlook_2yyj2"
        },
        "api": {
          "name": "shared_office365"
        }
      }
    },
    "definition": {
      "$schema": "https://schema.management.azure.com/providers/Microsoft.Logic/schemas/2016-06-01/workflowdefinition.json#",
      "contentVersion": "1.0.0.0",
      "parameters": {
        "$connections": {
          "defaultValue": {},
          "type": "Object"
        },
        "$authentication": {
          "defaultValue": {},
          "type": "SecureObject"
        }
      },
      "triggers": {
        "manual": {
          "metadata": {
            "operationMetadataId": "20685d53-0b10-4f33-a12a-82f4ab168683"
          },
          "type": "Request",
          "kind": "Button",
          "inputs": {
            "schema": {
              "type": "object",
              "properties": {},
              "required": []
            }
          }
        }
      },
      "actions": {
        "列出文件夹中的文件": {
          "runAfter": {},
          "metadata": {
            "b!C5EVQOBm3EqBkuSYrOokTaTHKVG8IQpIpZenqBe8pJ5d8ihxjwUASI1HmvVGjJ4o.01SNIZLP2CX2A55ZAICVHJZARNU3ZS2U6M": "/iFreeFlow/演示发票",
            "operationMetadataId": "eb83cb2e-8fc1-44bd-b8c6-5c292111f53e"
          },
          "type": "OpenApiConnection",
          "inputs": {
            "host": {
              "connectionName": "shared_onedriveforbusiness",
              "operationId": "ListFolderV2",
              "apiId": "/providers/Microsoft.PowerApps/apis/shared_onedriveforbusiness"
            },
            "parameters": {
              "id": "b!C5EVQOBm3EqBkuSYrOokTaTHKVG8IQpIpZenqBe8pJ5d8ihxjwUASI1HmvVGjJ4o.01SNIZLP2CX2A55ZAICVHJZARNU3ZS2U6M"
            },
            "authentication": {
              "type": "Raw",
              "value": "@json(decodeBase64(triggerOutputs().headers['X-MS-APIM-Tokens']))['$ConnectionKey']"
            }
          }
        },
        "应用到每一个": {
          "foreach": "@outputs('列出文件夹中的文件')?['body/value']",
          "actions": {
            "获取文件内容": {
              "runAfter": {},
              "metadata": {
                "operationMetadataId": "713afff9-932d-44e1-a84b-c3c26f7900b0"
              },
              "type": "OpenApiConnection",
              "inputs": {
                "host": {
                  "connectionName": "shared_onedriveforbusiness",
                  "operationId": "GetFileContent",
                  "apiId": "/providers/Microsoft.PowerApps/apis/shared_onedriveforbusiness"
                },
                "parameters": {
                  "id": "@items('应用到每一个')?['Id']",
                  "inferContentType": true
                },
                "authentication": {
                  "type": "Raw",
                  "value": "@json(decodeBase64(triggerOutputs().headers['X-MS-APIM-Tokens']))['$ConnectionKey']"
                }
              }
            },
            "创建文件": {
              "runAfter": {
                "获取文件内容": [
                  "Succeeded"
                ]
              },
              "metadata": {
                "operationMetadataId": "00a7df3f-32d5-4fe4-b3ce-d511d3358ea0"
              },
              "type": "OpenApiConnection",
              "inputs": {
                "host": {
                  "connectionName": "shared_sftpwithssh_1",
                  "operationId": "CreateFile",
                  "apiId": "/providers/Microsoft.PowerApps/apis/shared_sftpwithssh"
                },
                "parameters": {
                  "folderPath": "/home/jeff/iFreeFlow/Files/demozipfile",
                  "name": "@items('应用到每一个')?['Name']",
                  "body": "@body('获取文件内容')",
                  "ReadFileMetadataFromServer": true
                },
                "authentication": {
                  "type": "Raw",
                  "value": "@json(decodeBase64(triggerOutputs().headers['X-MS-APIM-Tokens']))['$ConnectionKey']"
                }
              },
              "runtimeConfiguration": {
                "contentTransfer": {
                  "transferMode": "Chunked"
                }
              }
            },
            "从_URL_上传文件": {
              "runAfter": {
                "创建文件": [
                  "Succeeded"
                ]
              },
              "metadata": {
                "operationMetadataId": "2703cc8b-ff7d-4927-a163-a97f01fd0323"
              },
              "type": "OpenApiConnection",
              "inputs": {
                "host": {
                  "connectionName": "shared_onedriveforbusiness",
                  "operationId": "CopyFile",
                  "apiId": "/providers/Microsoft.PowerApps/apis/shared_onedriveforbusiness"
                },
                "parameters": {
                  "source": "http://20.39.200.13:8080//zip-folder?foldername=demozipfile",
                  "destination": "/temp.json",
                  "overwrite": true
                },
                "authentication": {
                  "type": "Raw",
                  "value": "@json(decodeBase64(triggerOutputs().headers['X-MS-APIM-Tokens']))['$ConnectionKey']"
                }
              }
            },
            "获取文件内容_2": {
              "runAfter": {
                "从_URL_上传文件": [
                  "Succeeded"
                ]
              },
              "metadata": {
                "operationMetadataId": "3f1c6615-01dd-41a9-b115-ee63af2fc35e"
              },
              "type": "OpenApiConnection",
              "inputs": {
                "host": {
                  "connectionName": "shared_onedriveforbusiness",
                  "operationId": "GetFileContent",
                  "apiId": "/providers/Microsoft.PowerApps/apis/shared_onedriveforbusiness"
                },
                "parameters": {
                  "id": "@outputs('从_URL_上传文件')?['body/Id']",
                  "inferContentType": true
                },
                "authentication": {
                  "type": "Raw",
                  "value": "@json(decodeBase64(triggerOutputs().headers['X-MS-APIM-Tokens']))['$ConnectionKey']"
                }
              }
            },
            "json": {
              "runAfter": {
                "获取文件内容_2": [
                  "Succeeded"
                ]
              },
              "metadata": {
                "operationMetadataId": "942bfb18-456d-4466-a375-2d37eb01a375"
              },
              "type": "Compose",
              "inputs": "@json(string(outputs('获取文件内容_2')?['body']))"
            },
            "删除文件": {
              "runAfter": {
                "json": [
                  "Succeeded"
                ]
              },
              "metadata": {
                "operationMetadataId": "aa40914b-14c8-4ff5-9c6b-c9e37f13f807"
              },
              "type": "OpenApiConnection",
              "inputs": {
                "host": {
                  "connectionName": "shared_sftpwithssh_1",
                  "operationId": "DeleteFile",
                  "apiId": "/providers/Microsoft.PowerApps/apis/shared_sftpwithssh"
                },
                "parameters": {
                  "id": "@outputs('创建文件')?['body/Id']",
                  "SkipDeleteIfFileNotFoundOnServer": false
                },
                "authentication": {
                  "type": "Raw",
                  "value": "@json(decodeBase64(triggerOutputs().headers['X-MS-APIM-Tokens']))['$ConnectionKey']"
                }
              }
            },
            "删除文件_2": {
              "runAfter": {
                "json": [
                  "Succeeded"
                ]
              },
              "metadata": {
                "operationMetadataId": "e458c96b-9305-4ff9-adcc-b1304da53871"
              },
              "type": "OpenApiConnection",
              "inputs": {
                "host": {
                  "connectionName": "shared_onedriveforbusiness",
                  "operationId": "DeleteFile",
                  "apiId": "/providers/Microsoft.PowerApps/apis/shared_onedriveforbusiness"
                },
                "parameters": {
                  "id": "@outputs('从_URL_上传文件')?['body/Id']"
                },
                "authentication": {
                  "type": "Raw",
                  "value": "@json(decodeBase64(triggerOutputs().headers['X-MS-APIM-Tokens']))['$ConnectionKey']"
                }
              }
            },
            "设置变量": {
              "runAfter": {
                "删除文件": [
                  "Succeeded"
                ],
                "删除文件_2": [
                  "Succeeded"
                ]
              },
              "metadata": {
                "operationMetadataId": "2556899e-cea3-41eb-b8b2-7d23448d7c0c"
              },
              "type": "SetVariable",
              "inputs": {
                "name": "zip",
                "value": "@{outputs('json')?['zip_file_path']}"
              }
            }
          },
          "runAfter": {
            "初始化变量": [
              "Succeeded"
            ]
          },
          "metadata": {
            "operationMetadataId": "aebb57e9-7de3-4463-9a85-39b96ec443b3"
          },
          "type": "Foreach"
        },
        "初始化变量": {
          "runAfter": {
            "列出文件夹中的文件": [
              "Succeeded"
            ]
          },
          "metadata": {
            "operationMetadataId": "ec868c97-838f-4aa5-b4f3-8f9ee5f31577"
          },
          "type": "InitializeVariable",
          "inputs": {
            "variables": [
              {
                "name": "zip",
                "type": "string"
              }
            ]
          }
        },
        "获取文件内容_3": {
          "runAfter": {
            "应用到每一个": [
              "Succeeded"
            ]
          },
          "metadata": {
            "operationMetadataId": "2985bb18-e457-43aa-907d-1f4fb5d322d4"
          },
          "type": "OpenApiConnection",
          "inputs": {
            "host": {
              "connectionName": "shared_sftpwithssh",
              "operationId": "GetFileContent",
              "apiId": "/providers/Microsoft.PowerApps/apis/shared_sftpwithssh"
            },
            "parameters": {
              "id": "@variables('zip')",
              "inferContentType": true
            },
            "authentication": {
              "type": "Raw",
              "value": "@json(decodeBase64(triggerOutputs().headers['X-MS-APIM-Tokens']))['$ConnectionKey']"
            }
          }
        },
        "发送电子邮件(V2)": {
          "runAfter": {
            "获取文件内容_3": [
              "Succeeded"
            ]
          },
          "metadata": {
            "operationMetadataId": "cef4143d-ce0a-4e2e-acce-5f73e63d66a5"
          },
          "type": "OpenApiConnection",
          "inputs": {
            "host": {
              "connectionName": "shared_office365",
              "operationId": "SendEmailV2",
              "apiId": "/providers/Microsoft.PowerApps/apis/shared_office365"
            },
            "parameters": {
              "emailMessage/To": "Jeff@mvpjeff.onmicrosoft.com",
              "emailMessage/Subject": "压缩包",
              "emailMessage/Body": "<p>@{variables('zip')}</p>",
              "emailMessage/Attachments": [
                {
                  "Name": "压缩包.zip",
                  "ContentBytes": "@body('获取文件内容_3')"
                }
              ],
              "emailMessage/Importance": "Normal"
            },
            "authentication": {
              "type": "Raw",
              "value": "@json(decodeBase64(triggerOutputs().headers['X-MS-APIM-Tokens']))['$ConnectionKey']"
            }
          }
        }
      }
    },
    "templateName": ""
  },
  "schemaVersion": "1.0.0.0"
}